INSERT INTO Projects (project_id, project_name, start_date, end_date) VALUES (101, 'Project Alpha', TO_DATE('2024-01-01', 'YYYY-MM-DD'), TO_DATE('2024-01-31', 'YYYY-MM-DD'));
INSERT INTO Projects (project_id, project_name, start_date, end_date) VALUES (102, 'Project Beta', TO_DATE('2024-02-01', 'YYYY-MM-DD'), TO_DATE('2024-02-29', 'YYYY-MM-DD'));
INSERT INTO Projects (project_id, project_name, start_date, end_date) VALUES (103, 'Project Gamma', TO_DATE('2024-03-01', 'YYYY-MM-DD'), TO_DATE('2024-03-31', 'YYYY-MM-DD'));
INSERT INTO Projects (project_id, project_name, start_date, end_date) VALUES (104, 'Project Delta', TO_DATE('2024-04-01', 'YYYY-MM-DD'), TO_DATE('2024-04-30', 'YYYY-MM-DD'));
INSERT INTO Projects (project_id, project_name, start_date, end_date) VALUES (105, 'Project Epsilon', TO_DATE('2024-05-01', 'YYYY-MM-DD'), TO_DATE('2024-05-31', 'YYYY-MM-DD'));
INSERT INTO Projects (project_id, project_name, start_date, end_date) VALUES (106, 'Project Zeta', TO_DATE('2024-06-01', 'YYYY-MM-DD'), TO_DATE('2024-06-30', 'YYYY-MM-DD'));
INSERT INTO Projects (project_id, project_name, start_date, end_date) VALUES (107, 'Project Eta', TO_DATE('2024-07-01', 'YYYY-MM-DD'), TO_DATE('2024-07-31', 'YYYY-MM-DD'));
INSERT INTO Projects (project_id, project_name, start_date, end_date) VALUES (108, 'Project Theta', TO_DATE('2024-08-01', 'YYYY-MM-DD'), TO_DATE('2024-08-31', 'YYYY-MM-DD'));
INSERT INTO Projects (project_id, project_name, start_date, end_date) VALUES (109, 'Project Iota', TO_DATE('2024-09-01', 'YYYY-MM-DD'), TO_DATE('2024-09-30', 'YYYY-MM-DD'));
INSERT INTO Projects (project_id, project_name, start_date, end_date) VALUES (110, 'Project Kappa', TO_DATE('2024-10-01', 'YYYY-MM-DD'), TO_DATE('2024-10-31', 'YYYY-MM-DD'));
INSERT INTO Projects (project_id, project_name, start_date, end_date) VALUES (111, 'Project Lambda', TO_DATE('2024-11-01', 'YYYY-MM-DD'), TO_DATE('2024-11-30', 'YYYY-MM-DD'));
INSERT INTO Projects (project_id, project_name, start_date, end_date) VALUES (112, 'Project Mu', TO_DATE('2024-12-01', 'YYYY-MM-DD'), TO_DATE('2024-12-31', 'YYYY-MM-DD'));
INSERT INTO Projects (project_id, project_name, start_date, end_date) VALUES (113, 'Project Nu', TO_DATE('2025-01-01', 'YYYY-MM-DD'), TO_DATE('2025-01-31', 'YYYY-MM-DD'));
INSERT INTO Projects (project_id, project_name, start_date, end_date) VALUES (114, 'Project Xi', TO_DATE('2025-02-01', 'YYYY-MM-DD'), TO_DATE('2025-02-28', 'YYYY-MM-DD'));
INSERT INTO Projects (project_id, project_name, start_date, end_date) VALUES (115, 'Project Omicron', TO_DATE('2025-03-01', 'YYYY-MM-DD'), TO_DATE('2025-03-31', 'YYYY-MM-DD'));
INSERT INTO Projects (project_id, project_name, start_date, end_date) VALUES (116, 'Project Pi', TO_DATE('2025-04-01', 'YYYY-MM-DD'), TO_DATE('2025-04-30', 'YYYY-MM-DD'));
INSERT INTO Projects (project_id, project_name, start_date, end_date) VALUES (117, 'Project Rho', TO_DATE('2025-05-01', 'YYYY-MM-DD'), TO_DATE('2025-05-31', 'YYYY-MM-DD'));
INSERT INTO Projects (project_id, project_name, start_date, end_date) VALUES (118, 'Project Sigma', TO_DATE('2025-06-01', 'YYYY-MM-DD'), TO_DATE('2025-06-30', 'YYYY-MM-DD'));
INSERT INTO Projects (project_id, project_name, start_date, end_date) VALUES (119, 'Project Tau', TO_DATE('2025-07-01', 'YYYY-MM-DD'), TO_DATE('2025-07-31', 'YYYY-MM-DD'));
INSERT INTO Projects (project_id, project_name, start_date, end_date) VALUES (120, 'Project Upsilon', TO_DATE('2025-08-01', 'YYYY-MM-DD'), TO_DATE('2025-08-31', 'YYYY-MM-DD'));
INSERT INTO Projects (project_id, project_name, start_date, end_date) VALUES (121, 'Project Phi', TO_DATE('2025-09-01', 'YYYY-MM-DD'), TO_DATE('2025-09-30', 'YYYY-MM-DD'));
INSERT INTO Projects (project_id, project_name, start_date, end_date) VALUES (122, 'Project Chi', TO_DATE('2025-10-01', 'YYYY-MM-DD'), TO_DATE('2025-10-31', 'YYYY-MM-DD'));
INSERT INTO Projects (project_id, project_name, start_date, end_date) VALUES (123, 'Project Psi', TO_DATE('2025-11-01', 'YYYY-MM-DD'), TO_DATE('2025-11-30', 'YYYY-MM-DD'));
INSERT INTO Projects (project_id, project_name, start_date, end_date) VALUES (124, 'Project Omega', TO_DATE('2025-12-01', 'YYYY-MM-DD'), TO_DATE('2025-12-31', 'YYYY-MM-DD'));
INSERT INTO Projects (project_id, project_name, start_date, end_date) VALUES (125, 'Project A', TO_DATE('2026-01-01', 'YYYY-MM-DD'), TO_DATE('2026-01-31', 'YYYY-MM-DD'));
INSERT INTO Projects (project_id, project_name, start_date, end_date) VALUES (126, 'Project B', TO_DATE('2026-02-01', 'YYYY-MM-DD'), TO_DATE('2026-02-28', 'YYYY-MM-DD'));
INSERT INTO Projects (project_id, project_name, start_date, end_date) VALUES (127, 'Project C', TO_DATE('2026-03-01', 'YYYY-MM-DD'), TO_DATE('2026-03-31', 'YYYY-MM-DD'));
INSERT INTO Projects (project_id, project_name, start_date, end_date) VALUES (128, 'Project D', TO_DATE('2026-04-01', 'YYYY-MM-DD'), TO_DATE('2026-04-30', 'YYYY-MM-DD'));



INSERT INTO Departments (department_id, department_name) VALUES (201, 'Engineering');
INSERT INTO Departments (department_id, department_name) VALUES (202, 'Safety');
INSERT INTO Departments (department_id, department_name) VALUES (203, 'Administration');
INSERT INTO Departments (department_id, department_name) VALUES (204, 'Research');
INSERT INTO Departments (department_id, department_name) VALUES (205, 'Human Resources');
INSERT INTO Departments (department_id, department_name) VALUES (206, 'Finance');
INSERT INTO Departments (department_id, department_name) VALUES (207, 'Marketing');
INSERT INTO Departments (department_id, department_name) VALUES (208, 'Information Technology');
INSERT INTO Departments (department_id, department_name) VALUES (209, 'Operations');
INSERT INTO Departments (department_id, department_name) VALUES (210, 'Customer Service');
INSERT INTO Departments (department_id, department_name) VALUES (211, 'Sales');
INSERT INTO Departments (department_id, department_name) VALUES (212, 'Legal');
INSERT INTO Departments (department_id, department_name) VALUES (213, 'Supply Chain');
INSERT INTO Departments (department_id, department_name) VALUES (214, 'Quality Assurance');
INSERT INTO Departments (department_id, department_name) VALUES (215, 'Product Development');
INSERT INTO Departments (department_id, department_name) VALUES (216, 'Facilities');
INSERT INTO Departments (department_id, department_name) VALUES (217, 'Training');
INSERT INTO Departments (department_id, department_name) VALUES (218, 'Logistics');
INSERT INTO Departments (department_id, department_name) VALUES (219, 'Purchasing');
INSERT INTO Departments (department_id, department_name) VALUES (220, 'Legal Affairs');
INSERT INTO Departments (department_id, department_name) VALUES (221, 'Public Relations');
INSERT INTO Departments (department_id, department_name) VALUES (222, 'Audit');
INSERT INTO Departments (department_id, department_name) VALUES (223, 'Compliance');
INSERT INTO Departments (department_id, department_name) VALUES (224, 'Customer Relations');
INSERT INTO Departments (department_id, department_name) VALUES (225, 'Internal Affairs');
INSERT INTO Departments (department_id, department_name) VALUES (226, 'Strategic Planning');
INSERT INTO Departments (department_id, department_name) VALUES (227, 'Business Development');
INSERT INTO Departments (department_id, department_name) VALUES (228, 'Corporate Communications');
INSERT INTO Departments (department_id, department_name) VALUES (229, 'Risk Management');
INSERT INTO Departments (department_id, department_name) VALUES (230, 'Legal Services');
INSERT INTO Departments (department_id, department_name) VALUES (231, 'Corporate Affairs');
INSERT INTO Departments (department_id, department_name) VALUES (232, 'Business Operations');
INSERT INTO Departments (department_id, department_name) VALUES (233, 'Policy');
INSERT INTO Departments (department_id, department_name) VALUES (234, 'Strategic Initiatives');
INSERT INTO Departments (department_id, department_name) VALUES (235, 'Government Affairs');
INSERT INTO Departments (department_id, department_name) VALUES (236, 'Corporate Development');
INSERT INTO Departments (department_id, department_name) VALUES (237, 'Regulatory Affairs');
INSERT INTO Departments (department_id, department_name) VALUES (238, 'Strategic Partnerships');
INSERT INTO Departments (department_id, department_name) VALUES (239, 'Strategic Projects');
INSERT INTO Departments (department_id, department_name) VALUES (240, 'Operations Management');
INSERT INTO Departments (department_id, department_name) VALUES (241, 'Program Management');
INSERT INTO Departments (department_id, department_name) VALUES (242, 'Operations Support');
INSERT INTO Departments (department_id, department_name) VALUES (243, 'Technology Management');
INSERT INTO Departments (department_id, department_name) VALUES (244, 'Operational Excellence');
INSERT INTO Departments (department_id, department_name) VALUES (245, 'Technical Services');


INSERT INTO Engineers (engineer_id, first_name, last_name, specialty, project_id, hire_date) VALUES (301, 'John', 'Doe', 'Electrical', 101, TO_DATE('2024-01-01', 'YYYY-MM-DD'));
INSERT INTO Engineers (engineer_id, first_name, last_name, specialty, project_id, hire_date) VALUES (302, 'Jane', 'Smith', 'Mechanical', 102, TO_DATE('2024-02-01', 'YYYY-MM-DD'));
INSERT INTO Engineers (engineer_id, first_name, last_name, specialty, project_id, hire_date) VALUES (303, 'Michael', 'Johnson', 'Civil', 103, TO_DATE('2024-03-01', 'YYYY-MM-DD'));
INSERT INTO Engineers (engineer_id, first_name, last_name, specialty, project_id, hire_date) VALUES (304, 'Emily', 'Brown', 'Software', 104, TO_DATE('2024-04-01', 'YYYY-MM-DD'));
INSERT INTO Engineers (engineer_id, first_name, last_name, specialty, project_id, hire_date) VALUES (305, 'David', 'Martinez', 'Electrical', 105, TO_DATE('2024-05-01', 'YYYY-MM-DD'));
INSERT INTO Engineers (engineer_id, first_name, last_name, specialty, project_id, hire_date) VALUES (306, 'Sophia', 'Garcia', 'Mechanical', 106, TO_DATE('2024-06-01', 'YYYY-MM-DD'));
INSERT INTO Engineers (engineer_id, first_name, last_name, specialty, project_id, hire_date) VALUES (307, 'James', 'Brown', 'Civil', 107, TO_DATE('2024-07-01', 'YYYY-MM-DD'));
INSERT INTO Engineers (engineer_id, first_name, last_name, specialty, project_id, hire_date) VALUES (308, 'Olivia', 'Martinez', 'Software', 108, TO_DATE('2024-08-01', 'YYYY-MM-DD'));
INSERT INTO Engineers (engineer_id, first_name, last_name, specialty, project_id, hire_date) VALUES (309, 'William', 'Lopez', 'Electrical', 109, TO_DATE('2024-09-01', 'YYYY-MM-DD'));
INSERT INTO Engineers (engineer_id, first_name, last_name, specialty, project_id, hire_date) VALUES (310, 'Emma', 'Hernandez', 'Mechanical', 110, TO_DATE('2024-10-01', 'YYYY-MM-DD'));
INSERT INTO Engineers (engineer_id, first_name, last_name, specialty, project_id, hire_date) VALUES (311, 'Daniel', 'Gonzalez', 'Civil', 111, TO_DATE('2024-11-01', 'YYYY-MM-DD'));
INSERT INTO Engineers (engineer_id, first_name, last_name, specialty, project_id, hire_date) VALUES (312, 'Ava', 'Wilson', 'Software', 112, TO_DATE('2024-12-01', 'YYYY-MM-DD'));
INSERT INTO Engineers (engineer_id, first_name, last_name, specialty, project_id, hire_date) VALUES (313, 'Matthew', 'Anderson', 'Electrical', 113, TO_DATE('2025-01-01', 'YYYY-MM-DD'));
INSERT INTO Engineers (engineer_id, first_name, last_name, specialty, project_id, hire_date) VALUES (314, 'Ella', 'Taylor', 'Mechanical', 114, TO_DATE('2025-02-01', 'YYYY-MM-DD'));
INSERT INTO Engineers (engineer_id, first_name, last_name, specialty, project_id, hire_date) VALUES (315, 'Jacob', 'Thomas', 'Civil', 115, TO_DATE('2025-03-01', 'YYYY-MM-DD'));
INSERT INTO Engineers (engineer_id, first_name, last_name, specialty, project_id, hire_date) VALUES (316, 'Sofia', 'Hernandez', 'Software', 116, TO_DATE('2025-04-01', 'YYYY-MM-DD'));
INSERT INTO Engineers (engineer_id, first_name, last_name, specialty, project_id, hire_date) VALUES (317, 'Alexander', 'Walker', 'Electrical', 117, TO_DATE('2025-05-01', 'YYYY-MM-DD'));
INSERT INTO Engineers (engineer_id, first_name, last_name, specialty, project_id, hire_date) VALUES (318, 'Madison', 'King', 'Mechanical', 118, TO_DATE('2025-06-01', 'YYYY-MM-DD'));
INSERT INTO Engineers (engineer_id, first_name, last_name, specialty, project_id, hire_date) VALUES (319, 'Liam', 'Perez', 'Civil', 119, TO_DATE('2025-07-01', 'YYYY-MM-DD'));
INSERT INTO Engineers (engineer_id, first_name, last_name, specialty, project_id, hire_date) VALUES (320, 'Chloe', 'Lee', 'Software', 120, TO_DATE('2025-08-01', 'YYYY-MM-DD'));
INSERT INTO Engineers (engineer_id, first_name, last_name, specialty, project_id, hire_date) VALUES (321, 'Benjamin', 'Scott', 'Electrical', 121, TO_DATE('2025-09-01', 'YYYY-MM-DD'));
INSERT INTO Engineers (engineer_id, first_name, last_name, specialty, project_id, hire_date) VALUES (322, 'Hailey', 'Green', 'Mechanical', 122, TO_DATE('2025-10-01', 'YYYY-MM-DD'));
INSERT INTO Engineers (engineer_id, first_name, last_name, specialty, project_id, hire_date) VALUES (323, 'Mason', 'Adams', 'Civil', 123, TO_DATE('2025-11-01', 'YYYY-MM-DD'));
INSERT INTO Engineers (engineer_id, first_name, last_name, specialty, project_id, hire_date) VALUES (324, 'Amelia', 'Baker', 'Software', 124, TO_DATE('2025-12-01', 'YYYY-MM-DD'));
INSERT INTO Engineers (engineer_id, first_name, last_name, specialty, project_id, hire_date) VALUES (325, 'Logan', 'Rivera', 'Electrical', 125, TO_DATE('2026-01-01', 'YYYY-MM-DD'));
INSERT INTO Engineers (engineer_id, first_name, last_name, specialty, project_id, hire_date) VALUES (326, 'Grace', 'Gonzalez', 'Mechanical', 126, TO_DATE('2026-02-01', 'YYYY-MM-DD'));
INSERT INTO Engineers (engineer_id, first_name, last_name, specialty, project_id, hire_date) VALUES (327, 'Elijah', 'Harris', 'Civil', 127, TO_DATE('2026-03-01', 'YYYY-MM-DD'));
INSERT INTO Engineers (engineer_id, first_name, last_name, specialty, project_id, hire_date) VALUES (328, 'Avery', 'Clark', 'Software', 128, TO_DATE('2026-04-01', 'YYYY-MM-DD'));

INSERT INTO SafetyOfficers (officer_id, first_name, last_name, certification, department_id, hire_date) VALUES (401, 'Emily', 'Garcia', 'SafetyCert1', 202, TO_DATE('2024-01-01', 'YYYY-MM-DD'));
INSERT INTO SafetyOfficers (officer_id, first_name, last_name, certification, department_id, hire_date) VALUES (402, 'Matthew', 'Rodriguez', 'SafetyCert2', 202, TO_DATE('2024-02-01', 'YYYY-MM-DD'));
INSERT INTO SafetyOfficers (officer_id, first_name, last_name, certification, department_id, hire_date) VALUES (403, 'Sophia', 'Martinez', 'SafetyCert3', 202, TO_DATE('2024-03-01', 'YYYY-MM-DD'));
INSERT INTO SafetyOfficers (officer_id, first_name, last_name, certification, department_id, hire_date) VALUES (404, 'Daniel', 'Hernandez', 'SafetyCert4', 202, TO_DATE('2024-04-01', 'YYYY-MM-DD'));
INSERT INTO SafetyOfficers (officer_id, first_name, last_name, certification, department_id, hire_date) VALUES (405, 'Olivia', 'Lopez', 'SafetyCert5', 202, TO_DATE('2024-05-01', 'YYYY-MM-DD'));
INSERT INTO SafetyOfficers (officer_id, first_name, last_name, certification, department_id, hire_date) VALUES (406, 'Liam', 'Gonzalez', 'SafetyCert6', 202, TO_DATE('2024-06-01', 'YYYY-MM-DD'));
INSERT INTO SafetyOfficers (officer_id, first_name, last_name, certification, department_id, hire_date) VALUES (407, 'Ava', 'Wilson', 'SafetyCert7', 202, TO_DATE('2024-07-01', 'YYYY-MM-DD'));
INSERT INTO SafetyOfficers (officer_id, first_name, last_name, certification, department_id, hire_date) VALUES (408, 'James', 'Hernandez', 'SafetyCert8', 202, TO_DATE('2024-08-01', 'YYYY-MM-DD'));
INSERT INTO SafetyOfficers (officer_id, first_name, last_name, certification, department_id, hire_date) VALUES (409, 'Emma', 'Martinez', 'SafetyCert9', 202, TO_DATE('2024-09-01', 'YYYY-MM-DD'));
INSERT INTO SafetyOfficers (officer_id, first_name, last_name, certification, department_id, hire_date) VALUES (410, 'William', 'Lopez', 'SafetyCert10', 202, TO_DATE('2024-10-01', 'YYYY-MM-DD'));
INSERT INTO SafetyOfficers (officer_id, first_name, last_name, certification, department_id, hire_date) VALUES (411, 'Isabella', 'Perez', 'SafetyCert11', 202, TO_DATE('2024-11-01', 'YYYY-MM-DD'));
INSERT INTO SafetyOfficers (officer_id, first_name, last_name, certification, department_id, hire_date) VALUES (412, 'Michael', 'Rodriguez', 'SafetyCert12', 202, TO_DATE('2024-12-01', 'YYYY-MM-DD'));
INSERT INTO SafetyOfficers (officer_id, first_name, last_name, certification, department_id, hire_date) VALUES (413, 'Olivia', 'Garcia', 'SafetyCert13', 202, TO_DATE('2025-01-01', 'YYYY-MM-DD'));
INSERT INTO SafetyOfficers (officer_id, first_name, last_name, certification, department_id, hire_date) VALUES (414, 'Noah', 'Gonzalez', 'SafetyCert14', 202, TO_DATE('2025-02-01', 'YYYY-MM-DD'));
INSERT INTO SafetyOfficers (officer_id, first_name, last_name, certification, department_id, hire_date) VALUES (415, 'Emily', 'Hernandez', 'SafetyCert15', 202, TO_DATE('2025-03-01', 'YYYY-MM-DD'));
INSERT INTO SafetyOfficers (officer_id, first_name, last_name, certification, department_id, hire_date) VALUES (416, 'Liam', 'Rodriguez', 'SafetyCert16', 202, TO_DATE('2025-04-01', 'YYYY-MM-DD'));
INSERT INTO SafetyOfficers (officer_id, first_name, last_name, certification, department_id, hire_date) VALUES (417, 'Emma', 'Martinez', 'SafetyCert17', 202, TO_DATE('2025-05-01', 'YYYY-MM-DD'));
INSERT INTO SafetyOfficers (officer_id, first_name, last_name, certification, department_id, hire_date) VALUES (418, 'James', 'Garcia', 'SafetyCert18', 202, TO_DATE('2025-06-01', 'YYYY-MM-DD'));
INSERT INTO SafetyOfficers (officer_id, first_name, last_name, certification, department_id, hire_date) VALUES (419, 'Sophia', 'Hernandez', 'SafetyCert19', 202, TO_DATE('2025-07-01', 'YYYY-MM-DD'));
INSERT INTO SafetyOfficers (officer_id, first_name, last_name, certification, department_id, hire_date) VALUES (420, 'Daniel', 'Martinez', 'SafetyCert20', 202, TO_DATE('2025-08-01', 'YYYY-MM-DD'));
INSERT INTO SafetyOfficers (officer_id, first_name, last_name, certification, department_id, hire_date) VALUES (421, 'Olivia', 'Lopez', 'SafetyCert21', 202, TO_DATE('2025-09-01', 'YYYY-MM-DD'));
INSERT INTO SafetyOfficers (officer_id, first_name, last_name, certification, department_id, hire_date) VALUES (422, 'William', 'Gonzalez', 'SafetyCert22', 202, TO_DATE('2025-10-01', 'YYYY-MM-DD'));
INSERT INTO SafetyOfficers (officer_id, first_name, last_name, certification, department_id, hire_date) VALUES (423, 'Sophia', 'Rodriguez', 'SafetyCert23', 202, TO_DATE('2025-11-01', 'YYYY-MM-DD'));
INSERT INTO SafetyOfficers (officer_id, first_name, last_name, certification, department_id, hire_date) VALUES (424, 'Benjamin', 'Martinez', 'SafetyCert24', 202, TO_DATE('2025-12-01', 'YYYY-MM-DD'));
INSERT INTO SafetyOfficers (officer_id, first_name, last_name, certification, department_id, hire_date) VALUES (425, 'Amelia', 'Hernandez', 'SafetyCert25', 202, TO_DATE('2026-01-01', 'YYYY-MM-DD'));


INSERT INTO ProjectManagers (manager_id, first_name, last_name, project_id, department_id, hire_date) VALUES (501, 'Emma', 'Wilson', 101, 201, TO_DATE('2024-01-01', 'YYYY-MM-DD'));
INSERT INTO ProjectManagers (manager_id, first_name, last_name, project_id, department_id, hire_date) VALUES (502, 'Liam', 'Garcia', 102, 202, TO_DATE('2024-02-01', 'YYYY-MM-DD'));
INSERT INTO ProjectManagers (manager_id, first_name, last_name, project_id, department_id, hire_date) VALUES (503, 'Olivia', 'Martinez', 103, 203, TO_DATE('2024-03-01', 'YYYY-MM-DD'));
INSERT INTO ProjectManagers (manager_id, first_name, last_name, project_id, department_id, hire_date) VALUES (504, 'William', 'Hernandez', 104, 204, TO_DATE('2024-04-01', 'YYYY-MM-DD'));
INSERT INTO ProjectManagers (manager_id, first_name, last_name, project_id, department_id, hire_date) VALUES (505, 'James', 'Lopez', 105, 205, TO_DATE('2024-05-01', 'YYYY-MM-DD'));
INSERT INTO ProjectManagers (manager_id, first_name, last_name, project_id, department_id, hire_date) VALUES (506, 'Sophia', 'Gonzalez', 106, 206, TO_DATE('2024-06-01', 'YYYY-MM-DD'));
INSERT INTO ProjectManagers (manager_id, first_name, last_name, project_id, department_id, hire_date) VALUES (507, 'Michael', 'Wilson', 107, 207, TO_DATE('2024-07-01', 'YYYY-MM-DD'));
INSERT INTO ProjectManagers (manager_id, first_name, last_name, project_id, department_id, hire_date) VALUES (508, 'Olivia', 'Garcia', 108, 208, TO_DATE('2024-08-01', 'YYYY-MM-DD'));
INSERT INTO ProjectManagers (manager_id, first_name, last_name, project_id, department_id, hire_date) VALUES (509, 'William', 'Martinez', 109, 209, TO_DATE('2024-09-01', 'YYYY-MM-DD'));
INSERT INTO ProjectManagers (manager_id, first_name, last_name, project_id, department_id, hire_date) VALUES (510, 'Sophia', 'Hernandez', 110, 210, TO_DATE('2024-10-01', 'YYYY-MM-DD'));
INSERT INTO ProjectManagers (manager_id, first_name, last_name, project_id, department_id, hire_date) VALUES (511, 'Michael', 'Lopez', 111, 211, TO_DATE('2024-11-01', 'YYYY-MM-DD'));
INSERT INTO ProjectManagers (manager_id, first_name, last_name, project_id, department_id, hire_date) VALUES (512, 'Sophia', 'Gonzalez', 112, 212, TO_DATE('2024-12-01', 'YYYY-MM-DD'));
INSERT INTO ProjectManagers (manager_id, first_name, last_name, project_id, department_id, hire_date) VALUES (513, 'Michael', 'Wilson', 113, 213, TO_DATE('2025-01-01', 'YYYY-MM-DD'));
INSERT INTO ProjectManagers (manager_id, first_name, last_name, project_id, department_id, hire_date) VALUES (514, 'Emma', 'Garcia', 114, 214, TO_DATE('2025-02-01', 'YYYY-MM-DD'));
INSERT INTO ProjectManagers (manager_id, first_name, last_name, project_id, department_id, hire_date) VALUES (515, 'Liam', 'Martinez', 115, 215, TO_DATE('2025-03-01', 'YYYY-MM-DD'));
INSERT INTO ProjectManagers (manager_id, first_name, last_name, project_id, department_id, hire_date) VALUES (516, 'Olivia', 'Hernandez', 116, 216, TO_DATE('2025-04-01', 'YYYY-MM-DD'));
INSERT INTO ProjectManagers (manager_id, first_name, last_name, project_id, department_id, hire_date) VALUES (517, 'William', 'Lopez', 117, 217, TO_DATE('2025-05-01', 'YYYY-MM-DD'));
INSERT INTO ProjectManagers (manager_id, first_name, last_name, project_id, department_id, hire_date) VALUES (518, 'James', 'Gonzalez', 118, 218, TO_DATE('2025-06-01', 'YYYY-MM-DD'));
INSERT INTO ProjectManagers (manager_id, first_name, last_name, project_id, department_id, hire_date) VALUES (519, 'Sophia', 'Wilson', 119, 219, TO_DATE('2025-07-01', 'YYYY-MM-DD'));
INSERT INTO ProjectManagers (manager_id, first_name, last_name, project_id, department_id, hire_date) VALUES (520, 'Michael', 'Garcia', 120, 220, TO_DATE('2025-08-01', 'YYYY-MM-DD'));
INSERT INTO ProjectManagers (manager_id, first_name, last_name, project_id, department_id, hire_date) VALUES (521, 'Olivia', 'Martinez', 121, 221, TO_DATE('2025-09-01', 'YYYY-MM-DD'));
INSERT INTO ProjectManagers (manager_id, first_name, last_name, project_id, department_id, hire_date) VALUES (522, 'William', 'Hernandez', 122, 222, TO_DATE('2025-10-01', 'YYYY-MM-DD'));
INSERT INTO ProjectManagers (manager_id, first_name, last_name, project_id, department_id, hire_date) VALUES (523, 'Sophia', 'Lopez', 123, 223, TO_DATE('2025-11-01', 'YYYY-MM-DD'));
INSERT INTO ProjectManagers (manager_id, first_name, last_name, project_id, department_id, hire_date) VALUES (524, 'Michael', 'Gonzalez', 124, 224, TO_DATE('2025-12-01', 'YYYY-MM-DD'));
INSERT INTO ProjectManagers (manager_id, first_name, last_name, project_id, department_id, hire_date) VALUES (525, 'Olivia', 'Wilson', 125, 225, TO_DATE('2026-01-01', 'YYYY-MM-DD'));
INSERT INTO ProjectManagers (manager_id, first_name, last_name, project_id, department_id, hire_date) VALUES (526, 'William', 'Garcia', 126, 226, TO_DATE('2026-02-01', 'YYYY-MM-DD'));


INSERT INTO OfficeTechnicians (technician_id, first_name, last_name, supervisor_id, hire_date, manager_id) VALUES (601, 'Ethan', 'Brown', 501, TO_DATE('2024-01-01', 'YYYY-MM-DD'), NULL);
INSERT INTO OfficeTechnicians (technician_id, first_name, last_name, supervisor_id, hire_date, manager_id) VALUES (602, 'Olivia', 'Wilson', 501, TO_DATE('2024-02-01', 'YYYY-MM-DD'), NULL);
INSERT INTO OfficeTechnicians (technician_id, first_name, last_name, supervisor_id, hire_date, manager_id) VALUES (603, 'William', 'Garcia', 502, TO_DATE('2024-03-01', 'YYYY-MM-DD'), NULL);
INSERT INTO OfficeTechnicians (technician_id, first_name, last_name, supervisor_id, hire_date, manager_id) VALUES (604, 'Sophia', 'Martinez', 502, TO_DATE('2024-04-01', 'YYYY-MM-DD'), NULL);
INSERT INTO OfficeTechnicians (technician_id, first_name, last_name, supervisor_id, hire_date, manager_id) VALUES (605, 'James', 'Lopez', 503, TO_DATE('2024-05-01', 'YYYY-MM-DD'), NULL);
INSERT INTO OfficeTechnicians (technician_id, first_name, last_name, supervisor_id, hire_date, manager_id) VALUES (606, 'Michael', 'Gonzalez', 503, TO_DATE('2024-06-01', 'YYYY-MM-DD'), NULL);
INSERT INTO OfficeTechnicians (technician_id, first_name, last_name, supervisor_id, hire_date, manager_id) VALUES (607, 'Olivia', 'Wilson', 504, TO_DATE('2024-07-01', 'YYYY-MM-DD'), NULL);
INSERT INTO OfficeTechnicians (technician_id, first_name, last_name, supervisor_id, hire_date, manager_id) VALUES (608, 'William', 'Garcia', 504, TO_DATE('2024-08-01', 'YYYY-MM-DD'), NULL);
INSERT INTO OfficeTechnicians (technician_id, first_name, last_name, supervisor_id, hire_date, manager_id) VALUES (609, 'Sophia', 'Martinez', 505, TO_DATE('2024-09-01', 'YYYY-MM-DD'), NULL);
INSERT INTO OfficeTechnicians (technician_id, first_name, last_name, supervisor_id, hire_date, manager_id) VALUES (610, 'James', 'Lopez', 505, TO_DATE('2024-10-01', 'YYYY-MM-DD'), NULL);
INSERT INTO OfficeTechnicians (technician_id, first_name, last_name, supervisor_id, hire_date, manager_id) VALUES (611, 'Michael', 'Gonzalez', 506, TO_DATE('2024-11-01', 'YYYY-MM-DD'), NULL);
INSERT INTO OfficeTechnicians (technician_id, first_name, last_name, supervisor_id, hire_date, manager_id) VALUES (612, 'Olivia', 'Wilson', 506, TO_DATE('2024-12-01', 'YYYY-MM-DD'), NULL);
INSERT INTO OfficeTechnicians (technician_id, first_name, last_name, supervisor_id, hire_date, manager_id) VALUES (613, 'William', 'Garcia', 507, TO_DATE('2025-01-01', 'YYYY-MM-DD'), NULL);
INSERT INTO OfficeTechnicians (technician_id, first_name, last_name, supervisor_id, hire_date, manager_id) VALUES (614, 'Sophia', 'Martinez', 507, TO_DATE('2025-02-01', 'YYYY-MM-DD'), NULL);
INSERT INTO OfficeTechnicians (technician_id, first_name, last_name, supervisor_id, hire_date, manager_id) VALUES (615, 'James', 'Lopez', 508, TO_DATE('2025-03-01', 'YYYY-MM-DD'), NULL);
INSERT INTO OfficeTechnicians (technician_id, first_name, last_name, supervisor_id, hire_date, manager_id) VALUES (616, 'Michael', 'Gonzalez', 508, TO_DATE('2025-04-01', 'YYYY-MM-DD'), NULL);
INSERT INTO OfficeTechnicians (technician_id, first_name, last_name, supervisor_id, hire_date, manager_id) VALUES (617, 'Olivia', 'Wilson', 509, TO_DATE('2025-05-01', 'YYYY-MM-DD'), NULL);
INSERT INTO OfficeTechnicians (technician_id, first_name, last_name, supervisor_id, hire_date, manager_id) VALUES (618, 'William', 'Garcia', 509, TO_DATE('2025-06-01', 'YYYY-MM-DD'), NULL);
INSERT INTO OfficeTechnicians (technician_id, first_name, last_name, supervisor_id, hire_date, manager_id) VALUES (619, 'Sophia', 'Martinez', 510, TO_DATE('2025-07-01', 'YYYY-MM-DD'), NULL);
INSERT INTO OfficeTechnicians (technician_id, first_name, last_name, supervisor_id, hire_date, manager_id) VALUES (620, 'James', 'Lopez', 510, TO_DATE('2025-08-01', 'YYYY-MM-DD'), NULL);
INSERT INTO OfficeTechnicians (technician_id, first_name, last_name, supervisor_id, hire_date, manager_id) VALUES (621, 'Michael', 'Gonzalez', 511, TO_DATE('2025-09-01', 'YYYY-MM-DD'), NULL);
INSERT INTO OfficeTechnicians (technician_id, first_name, last_name, supervisor_id, hire_date, manager_id) VALUES (622, 'Olivia', 'Wilson', 511, TO_DATE('2025-10-01', 'YYYY-MM-DD'), NULL);
INSERT INTO OfficeTechnicians (technician_id, first_name, last_name, supervisor_id, hire_date, manager_id) VALUES (623, 'William', 'Garcia', 512, TO_DATE('2025-11-01', 'YYYY-MM-DD'), NULL);
INSERT INTO OfficeTechnicians (technician_id, first_name, last_name, supervisor_id, hire_date, manager_id) VALUES (624, 'Sophia', 'Martinez', 512, TO_DATE('2025-12-01', 'YYYY-MM-DD'), NULL);
INSERT INTO OfficeTechnicians (technician_id, first_name, last_name, supervisor_id, hire_date, manager_id) VALUES (625, 'James', 'Lopez', 513, TO_DATE('2026-01-01', 'YYYY-MM-DD'), NULL);
